<ImportExportXml version="9.2.23041.218" SolutionPackageVersion="9.2" languagecode="1033" generatedBy="CrmLive" xmlns:xsi="http://www.w3.org/2001/XMLSchema-instance">
  <SolutionManifest>
    <UniqueName>POWRStattoStickers2022</UniqueName>
    <LocalizedNames>
      <LocalizedName description="POWR Statto Stickers 2022" languagecode="1033" />
    </LocalizedNames>
    <Descriptions />
    <Version>1.0.0.23</Version>
    <Managed>1</Managed>
    <Publisher>
      <UniqueName>POWRSolutions</UniqueName>
      <LocalizedNames>
        <LocalizedName description="POWRSolutions" languagecode="1033" />
      </LocalizedNames>
      <Descriptions>
        <Description description="POWRSolutions" languagecode="1033" />
      </Descriptions>
      <EMailAddress xsi:nil="true"></EMailAddress>
      <SupportingWebsiteUrl xsi:nil="true"></SupportingWebsiteUrl>
      <CustomizationPrefix>pf</CustomizationPrefix>
      <CustomizationOptionValuePrefix>42000</CustomizationOptionValuePrefix>
      <Addresses>
        <Address>
          <AddressNumber>1</AddressNumber>
          <AddressTypeCode>1</AddressTypeCode>
          <City xsi:nil="true"></City>
          <County xsi:nil="true"></County>
          <Country xsi:nil="true"></Country>
          <Fax xsi:nil="true"></Fax>
          <FreightTermsCode xsi:nil="true"></FreightTermsCode>
          <ImportSequenceNumber xsi:nil="true"></ImportSequenceNumber>
          <Latitude xsi:nil="true"></Latitude>
          <Line1 xsi:nil="true"></Line1>
          <Line2 xsi:nil="true"></Line2>
          <Line3 xsi:nil="true"></Line3>
          <Longitude xsi:nil="true"></Longitude>
          <Name xsi:nil="true"></Name>
          <PostalCode xsi:nil="true"></PostalCode>
          <PostOfficeBox xsi:nil="true"></PostOfficeBox>
          <PrimaryContactName xsi:nil="true"></PrimaryContactName>
          <ShippingMethodCode>1</ShippingMethodCode>
          <StateOrProvince xsi:nil="true"></StateOrProvince>
          <Telephone1 xsi:nil="true"></Telephone1>
          <Telephone2 xsi:nil="true"></Telephone2>
          <Telephone3 xsi:nil="true"></Telephone3>
          <TimeZoneRuleVersionNumber xsi:nil="true"></TimeZoneRuleVersionNumber>
          <UPSZone xsi:nil="true"></UPSZone>
          <UTCOffset xsi:nil="true"></UTCOffset>
          <UTCConversionTimeZoneCode xsi:nil="true"></UTCConversionTimeZoneCode>
        </Address>
        <Address>
          <AddressNumber>2</AddressNumber>
          <AddressTypeCode>1</AddressTypeCode>
          <City xsi:nil="true"></City>
          <County xsi:nil="true"></County>
          <Country xsi:nil="true"></Country>
          <Fax xsi:nil="true"></Fax>
          <FreightTermsCode xsi:nil="true"></FreightTermsCode>
          <ImportSequenceNumber xsi:nil="true"></ImportSequenceNumber>
          <Latitude xsi:nil="true"></Latitude>
          <Line1 xsi:nil="true"></Line1>
          <Line2 xsi:nil="true"></Line2>
          <Line3 xsi:nil="true"></Line3>
          <Longitude xsi:nil="true"></Longitude>
          <Name xsi:nil="true"></Name>
          <PostalCode xsi:nil="true"></PostalCode>
          <PostOfficeBox xsi:nil="true"></PostOfficeBox>
          <PrimaryContactName xsi:nil="true"></PrimaryContactName>
          <ShippingMethodCode>1</ShippingMethodCode>
          <StateOrProvince xsi:nil="true"></StateOrProvince>
          <Telephone1 xsi:nil="true"></Telephone1>
          <Telephone2 xsi:nil="true"></Telephone2>
          <Telephone3 xsi:nil="true"></Telephone3>
          <TimeZoneRuleVersionNumber xsi:nil="true"></TimeZoneRuleVersionNumber>
          <UPSZone xsi:nil="true"></UPSZone>
          <UTCOffset xsi:nil="true"></UTCOffset>
          <UTCConversionTimeZoneCode xsi:nil="true"></UTCConversionTimeZoneCode>
        </Address>
      </Addresses>
    </Publisher>
    <RootComponents>
      <RootComponent type="1" schemaName="pf_allstickers" behavior="0" />
      <RootComponent type="1" schemaName="pf_duplicates" behavior="0" />
      <RootComponent type="1" schemaName="pf_fixture" behavior="0" />
      <RootComponent type="1" schemaName="pf_fixtureevents" behavior="0" />
      <RootComponent type="1" schemaName="pf_fixturelineups" behavior="0" />
      <RootComponent type="1" schemaName="pf_fplelementtype" behavior="0" />
      <RootComponent type="1" schemaName="pf_fplevents" behavior="0" />
      <RootComponent type="1" schemaName="pf_fplplayers" behavior="0" />
      <RootComponent type="1" schemaName="pf_leagueteam" behavior="0" />
      <RootComponent type="1" schemaName="pf_mystickers" behavior="0" />
      <RootComponent type="1" schemaName="pf_powrsettings" behavior="0" />
      <RootComponent type="1" schemaName="pf_predictions" behavior="0" />
      <RootComponent type="1" schemaName="pf_rssfeeds" behavior="0" />
      <RootComponent type="1" schemaName="pf_standings" behavior="0" />
      <RootComponent type="1" schemaName="pf_teamseasonstats" behavior="0" />
      <RootComponent type="1" schemaName="pf_venue" behavior="0" />
      <RootComponent type="1" schemaName="pf_weeklygameconfig" behavior="0" />
      <RootComponent type="1" schemaName="pf_weeklyresults" behavior="0" />
      <RootComponent type="1" schemaName="pp_userteam" behavior="0" />
      <RootComponent type="1" schemaName="systemuser" behavior="1" />
      <RootComponent type="9" schemaName="pf_rsstype" behavior="0" />
      <RootComponent type="9" schemaName="pf_stickertype" behavior="0" />
      <RootComponent type="29" id="{40b7d7a6-03d5-ed11-a7c6-002248c876bf}" behavior="0" />
      <RootComponent type="29" id="{97014a6c-95d5-ed11-a7c6-002248c6b2b5}" behavior="0" />
      <RootComponent type="29" id="{cfd759ee-04d5-ed11-a7c6-002248c876bf}" behavior="0" />
      <RootComponent type="29" id="{db3b688f-a5d5-ed11-a7c6-002248c6b2e5}" behavior="0" />
      <RootComponent type="300" schemaName="pf_powrstattostickers2022setup_bef90" behavior="0" />
      <RootComponent type="300" schemaName="pf_powrstattostickers_ff146" behavior="0" />
      <RootComponent type="372" id="{833d0031-7afc-47e2-a8ce-ad2a8c4fa4bf}" schemaName="pf_fantasy-20epl-20" behavior="0" />
      <RootComponent type="372" id="{96a5d1b2-e9c0-4b06-8732-c7dd0b3222de}" schemaName="pf_statto-20stickers-20" behavior="0" />
      <RootComponent type="431" schemaName="pf_allstickers pf_image" behavior="0" />
      <RootComponent type="431" schemaName="pf_leagueteam pf_logo_image" behavior="0" />
      <RootComponent type="431" schemaName="pf_leagueteam pf_manager_image" behavior="0" />
      <RootComponent type="431" schemaName="pf_leagueteam pf_venue_image" behavior="0" />
      <RootComponent type="431" schemaName="pf_mystickers pf_image" behavior="0" />
      <RootComponent type="432" schemaName="pf_allstickers" behavior="0" />
      <RootComponent type="432" schemaName="pf_mystickers" behavior="0" />
    </RootComponents>
    <MissingDependencies>
      <MissingDependency>
        <Required type="1" schemaName="aaduser" displayName="AAD User" solution="MetadataExtension (1.0.2.33)" />
        <Dependent type="300" schemaName="pf_powrstattostickers_ff146" displayName="POWR Statto Stickers" />
      </MissingDependency>
      <MissingDependency>
        <Required type="1" schemaName="aaduser" displayName="AAD User" solution="MetadataExtension (1.0.2.33)" />
        <Dependent type="300" schemaName="pf_powrstattostickers2022setup_bef90" displayName="POWR Statto Stickers 2022 Setup" />
      </MissingDependency>
      <MissingDependency>
        <Required type="66" schemaName="cat_PowerCAT.Elevation" displayName="cat_PowerCAT.Elevation" solution="CreatorKitCore (1.0.20230118.1)" />
        <Dependent type="300" schemaName="pf_powrstattostickers_ff146" displayName="POWR Statto Stickers" />
      </MissingDependency>
      <MissingDependency>
        <Required type="66" schemaName="cat_PowerCAT.Elevation" displayName="cat_PowerCAT.Elevation" solution="CreatorKitCore (1.0.20230118.1)" />
        <Dependent type="300" schemaName="pf_powrstattostickers2022setup_bef90" displayName="POWR Statto Stickers 2022 Setup" />
      </MissingDependency>
      <MissingDependency>
        <Required type="66" schemaName="cat_PowerCAT.Icon" displayName="cat_PowerCAT.Icon" solution="CreatorKitCore (1.0.20230118.1)" />
        <Dependent type="300" schemaName="pf_powrstattostickers_ff146" displayName="POWR Statto Stickers" />
      </MissingDependency>
      <MissingDependency>
        <Required type="66" schemaName="cat_PowerCAT.Icon" displayName="cat_PowerCAT.Icon" solution="CreatorKitCore (1.0.20230118.1)" />
        <Dependent type="300" schemaName="pf_powrstattostickers2022setup_bef90" displayName="POWR Statto Stickers 2022 Setup" />
      </MissingDependency>
      <MissingDependency>
        <Required type="66" schemaName="cat_PowerCAT.Pivot" displayName="cat_PowerCAT.Pivot" solution="CreatorKitCore (1.0.20230118.1)" />
        <Dependent type="300" schemaName="pf_powrstattostickers_ff146" displayName="POWR Statto Stickers" />
      </MissingDependency>
      <MissingDependency>
        <Required type="66" schemaName="cat_PowerCAT.ProgressIndicator" displayName="cat_PowerCAT.ProgressIndicator" solution="CreatorKitCore (1.0.20230118.1)" />
        <Dependent type="300" schemaName="pf_powrstattostickers2022setup_bef90" displayName="POWR Statto Stickers 2022 Setup" />
      </MissingDependency>
      <MissingDependency>
        <Required type="66" schemaName="cat_PowerCAT.SpinButton" displayName="cat_PowerCAT.SpinButton" solution="CreatorKitCore (1.0.20230118.1)" />
        <Dependent type="300" schemaName="pf_powrstattostickers_ff146" displayName="POWR Statto Stickers" />
      </MissingDependency>
      <MissingDependency>
        <Required type="66" schemaName="cat_PowerCAT.Spinner" displayName="cat_PowerCAT.Spinner" solution="CreatorKitCore (1.0.20230118.1)" />
        <Dependent type="300" schemaName="pf_powrstattostickers_ff146" displayName="POWR Statto Stickers" />
      </MissingDependency>
      <MissingDependency>
        <Required type="66" schemaName="cat_PowerCAT.SubwayNav" displayName="cat_PowerCAT.SubwayNav" solution="CreatorKitCore (1.0.20230118.1)" />
        <Dependent type="300" schemaName="pf_powrstattostickers2022setup_bef90" displayName="POWR Statto Stickers 2022 Setup" />
      </MissingDependency>
      <MissingDependency>
        <Required type="66" schemaName="pdd_CustomControl.PowerDragDrop" displayName="pdd_CustomControl.PowerDragDrop" solution="PowerDragDrop (1.0.27.0)" />
        <Dependent type="300" schemaName="pf_powrstattostickers_ff146" displayName="POWR Statto Stickers" />
      </MissingDependency>
    </MissingDependencies>
  </SolutionManifest>
</ImportExportXml>