{
  "properties": {
    "connectionReferences": {
      "shared_commondataserviceforapps": {
        "runtimeSource": "embedded",
        "connection": {
          "connectionReferenceLogicalName": "ps_sharedcommondataserviceforapps_89f4e"
        },
        "api": {
          "name": "shared_commondataserviceforapps"
        }
      }
    },
    "definition": {
      "$schema": "https://schema.management.azure.com/providers/Microsoft.Logic/schemas/2016-06-01/workflowdefinition.json#",
      "contentVersion": "1.0.0.0",
      "parameters": {
        "$connections": {
          "defaultValue": {},
          "type": "Object"
        },
        "$authentication": {
          "defaultValue": {},
          "type": "SecureObject"
        }
      },
      "triggers": {
        "manual": {
          "metadata": {
            "operationMetadataId": "74f2b557-a24e-40ac-9bac-d1876db3f10f"
          },
          "type": "Request",
          "kind": "PowerApp",
          "inputs": {
            "schema": {
              "type": "object",
              "properties": {},
              "required": []
            }
          }
        }
      },
      "actions": {
        "List_rows": {
          "runAfter": {},
          "metadata": {
            "operationMetadataId": "cc39d233-c916-42d9-9f74-56c1ff1f3e30"
          },
          "type": "OpenApiConnection",
          "inputs": {
            "host": {
              "connectionName": "shared_commondataserviceforapps",
              "operationId": "ListRecords",
              "apiId": "/providers/Microsoft.PowerApps/apis/shared_commondataserviceforapps"
            },
            "parameters": {
              "entityName": "pf_leagueteams"
            },
            "authentication": {
              "type": "Raw",
              "value": "@json(decodeBase64(triggerOutputs().headers['X-MS-APIM-Tokens']))['$ConnectionKey']"
            }
          }
        },
        "Apply_to_each_-_Badges": {
          "foreach": "@outputs('List_rows')?['body/value']",
          "actions": {
            "HTTP": {
              "runAfter": {},
              "metadata": {
                "operationMetadataId": "f3ba7195-bbf7-4150-a33c-1c2e06a2972f"
              },
              "type": "Http",
              "inputs": {
                "method": "GET",
                "uri": "@items('Apply_to_each_-_Badges')?['pf_logo']"
              }
            },
            "Upload_a_file_or_an_image": {
              "runAfter": {
                "HTTP": [
                  "Succeeded"
                ]
              },
              "metadata": {
                "operationMetadataId": "1ae03c25-bace-46ce-85b1-43342e0ac96e"
              },
              "type": "OpenApiConnection",
              "inputs": {
                "host": {
                  "connectionName": "shared_commondataserviceforapps",
                  "operationId": "UpdateEntityFileImageFieldContent",
                  "apiId": "/providers/Microsoft.PowerApps/apis/shared_commondataserviceforapps"
                },
                "parameters": {
                  "entityName": "pf_leagueteams",
                  "recordId": "@items('Apply_to_each_-_Badges')?['pf_leagueteamid']",
                  "fileImageFieldName": "pf_logo_image",
                  "item": "@body('HTTP')",
                  "x-ms-file-name": "Untitled"
                },
                "authentication": {
                  "type": "Raw",
                  "value": "@json(decodeBase64(triggerOutputs().headers['X-MS-APIM-Tokens']))['$ConnectionKey']"
                }
              }
            }
          },
          "runAfter": {
            "List_rows": [
              "Succeeded"
            ]
          },
          "metadata": {
            "operationMetadataId": "e60f73dd-053d-4729-813e-08d6bc8bd594"
          },
          "type": "Foreach"
        },
        "Apply_to_each__-_managers": {
          "foreach": "@outputs('List_rows')?['body/value']",
          "actions": {
            "HTTP_2": {
              "runAfter": {},
              "metadata": {
                "operationMetadataId": "aa59534c-2cc9-4ce3-bdb6-e9cfb218c091"
              },
              "type": "Http",
              "inputs": {
                "method": "GET",
                "uri": "@items('Apply_to_each__-_managers')?['pf_manager_image_texturl']"
              }
            },
            "Upload_a_file_or_an_image_2": {
              "runAfter": {
                "HTTP_2": [
                  "Succeeded"
                ]
              },
              "metadata": {
                "operationMetadataId": "33856d40-b9a4-4911-98f9-2b72e7335d31"
              },
              "type": "OpenApiConnection",
              "inputs": {
                "host": {
                  "connectionName": "shared_commondataserviceforapps",
                  "operationId": "UpdateEntityFileImageFieldContent",
                  "apiId": "/providers/Microsoft.PowerApps/apis/shared_commondataserviceforapps"
                },
                "parameters": {
                  "entityName": "pf_leagueteams",
                  "recordId": "@items('Apply_to_each__-_managers')?['pf_leagueteamid']",
                  "fileImageFieldName": "pf_manager_image",
                  "item": "@body('HTTP_2')",
                  "x-ms-file-name": "Untitled"
                },
                "authentication": {
                  "type": "Raw",
                  "value": "@json(decodeBase64(triggerOutputs().headers['X-MS-APIM-Tokens']))['$ConnectionKey']"
                }
              }
            }
          },
          "runAfter": {
            "List_rows": [
              "Succeeded"
            ]
          },
          "metadata": {
            "operationMetadataId": "6571b24c-fa2d-4196-b13a-0cefaafc65c7"
          },
          "type": "Foreach"
        },
        "Apply_to_each_-_Venues": {
          "foreach": "@outputs('List_rows')?['body/value']",
          "actions": {
            "HTTP_3": {
              "runAfter": {},
              "metadata": {
                "operationMetadataId": "243d3fc6-e59f-49c2-991b-c230ae81b46b"
              },
              "type": "Http",
              "inputs": {
                "method": "GET",
                "uri": "@items('Apply_to_each_-_Venues')?['pf_venue_image_texturl']"
              }
            },
            "Upload_a_file_or_an_image_3": {
              "runAfter": {
                "HTTP_3": [
                  "Succeeded"
                ]
              },
              "metadata": {
                "operationMetadataId": "c43fe43f-220e-474c-8be4-2432df71973b"
              },
              "type": "OpenApiConnection",
              "inputs": {
                "host": {
                  "connectionName": "shared_commondataserviceforapps",
                  "operationId": "UpdateEntityFileImageFieldContent",
                  "apiId": "/providers/Microsoft.PowerApps/apis/shared_commondataserviceforapps"
                },
                "parameters": {
                  "entityName": "pf_leagueteams",
                  "recordId": "@items('Apply_to_each_-_Venues')?['pf_leagueteamid']",
                  "fileImageFieldName": "pf_venue_image",
                  "item": "@body('HTTP_3')",
                  "x-ms-file-name": "Untitled"
                },
                "authentication": {
                  "type": "Raw",
                  "value": "@json(decodeBase64(triggerOutputs().headers['X-MS-APIM-Tokens']))['$ConnectionKey']"
                }
              }
            }
          },
          "runAfter": {
            "List_rows": [
              "Succeeded"
            ]
          },
          "metadata": {
            "operationMetadataId": "ff83aa63-4fee-422b-aae8-c60b8ab0ed8d"
          },
          "type": "Foreach"
        },
        "Respond_to_a_PowerApp_or_flow": {
          "runAfter": {
            "Apply_to_each_-_Badges": [
              "Succeeded",
              "Failed",
              "Skipped",
              "TimedOut"
            ],
            "Apply_to_each__-_managers": [
              "TimedOut",
              "Succeeded"
            ],
            "Apply_to_each_-_Venues": [
              "Succeeded",
              "Failed"
            ]
          },
          "metadata": {
            "operationMetadataId": "621354f7-197b-4089-8d26-3c93cec82c79"
          },
          "type": "Response",
          "kind": "PowerApp",
          "inputs": {
            "statusCode": 200,
            "body": {
              "status": "finished"
            },
            "schema": {
              "type": "object",
              "properties": {
                "status": {
                  "title": "status",
                  "x-ms-dynamically-added": true,
                  "type": "string"
                }
              }
            }
          }
        }
      }
    },
    "templateName": ""
  },
  "schemaVersion": "1.0.0.0"
}