{
  "properties": {
    "connectionReferences": {
      "shared_commondataserviceforapps": {
        "runtimeSource": "embedded",
        "connection": {
          "connectionReferenceLogicalName": "ps_sharedcommondataserviceforapps_89f4e"
        },
        "api": {
          "name": "shared_commondataserviceforapps"
        }
      }
    },
    "definition": {
      "$schema": "https://schema.management.azure.com/providers/Microsoft.Logic/schemas/2016-06-01/workflowdefinition.json#",
      "contentVersion": "1.0.0.0",
      "parameters": {
        "$connections": {
          "defaultValue": {},
          "type": "Object"
        },
        "$authentication": {
          "defaultValue": {},
          "type": "SecureObject"
        }
      },
      "triggers": {
        "manual": {
          "metadata": {
            "operationMetadataId": "07869182-e9b6-4f0a-b730-b6f410538f25"
          },
          "type": "Request",
          "kind": "PowerApp",
          "inputs": {
            "schema": {
              "type": "object",
              "properties": {},
              "required": []
            }
          }
        }
      },
      "actions": {
        "List_FPL_Players": {
          "runAfter": {},
          "metadata": {
            "operationMetadataId": "830c9752-659e-45f9-bb6f-406cfe4cab5b"
          },
          "type": "OpenApiConnection",
          "inputs": {
            "host": {
              "connectionName": "shared_commondataserviceforapps",
              "operationId": "ListRecords",
              "apiId": "/providers/Microsoft.PowerApps/apis/shared_commondataserviceforapps"
            },
            "parameters": {
              "entityName": "pf_fplplayerses"
            },
            "authentication": {
              "type": "Raw",
              "value": "@json(decodeBase64(triggerOutputs().headers['X-MS-APIM-Tokens']))['$ConnectionKey']"
            }
          }
        },
        "Apply_to_each": {
          "foreach": "@outputs('List_FPL_Players')?['body/value']",
          "actions": {
            "Compose": {
              "runAfter": {},
              "metadata": {
                "operationMetadataId": "cec8fb1e-6a4a-4e98-a5a4-2c5b77dfe0d9"
              },
              "type": "Compose",
              "inputs": "@concat('https://resources.premierleague.com/premierleague/photos/players/250x250/p',replace(items('Apply_to_each')?['pf_photo'],'.jpg','.png'))\r\n"
            },
            "HTTP": {
              "runAfter": {
                "Compose": [
                  "Succeeded"
                ]
              },
              "metadata": {
                "operationMetadataId": "0bd39e74-b38c-4aea-b01e-36c442c491a8"
              },
              "type": "Http",
              "inputs": {
                "method": "GET",
                "uri": "@{outputs('Compose')}"
              }
            },
            "Upload_a_file_or_an_image": {
              "runAfter": {
                "HTTP": [
                  "Succeeded"
                ]
              },
              "metadata": {
                "operationMetadataId": "6b7362bf-1114-4b6e-a324-faf4eca8cd3f"
              },
              "type": "OpenApiConnection",
              "inputs": {
                "host": {
                  "connectionName": "shared_commondataserviceforapps",
                  "operationId": "UpdateEntityFileImageFieldContent",
                  "apiId": "/providers/Microsoft.PowerApps/apis/shared_commondataserviceforapps"
                },
                "parameters": {
                  "entityName": "pf_fplplayerses",
                  "recordId": "@items('Apply_to_each')?['pf_fplplayersid']",
                  "fileImageFieldName": "pf_photo_image",
                  "item": "@body('HTTP')",
                  "x-ms-file-name": "Untitled"
                },
                "authentication": {
                  "type": "Raw",
                  "value": "@json(decodeBase64(triggerOutputs().headers['X-MS-APIM-Tokens']))['$ConnectionKey']"
                }
              }
            },
            "Update_a_row": {
              "runAfter": {
                "Increment_variable": [
                  "Succeeded"
                ]
              },
              "metadata": {
                "operationMetadataId": "7fcc208b-dd7b-4440-b59b-09d1f06d1a2f"
              },
              "type": "OpenApiConnection",
              "inputs": {
                "host": {
                  "connectionName": "shared_commondataserviceforapps",
                  "operationId": "UpdateRecord",
                  "apiId": "/providers/Microsoft.PowerApps/apis/shared_commondataserviceforapps"
                },
                "parameters": {
                  "entityName": "pf_powrsettingses",
                  "recordId": "@outputs('Add_a_new_row')?['body/pf_powrsettingsid']",
                  "item/pf_currentseason": "@variables('noPlayers')"
                },
                "authentication": {
                  "type": "Raw",
                  "value": "@json(decodeBase64(triggerOutputs().headers['X-MS-APIM-Tokens']))['$ConnectionKey']"
                }
              }
            },
            "Increment_variable": {
              "runAfter": {
                "Upload_a_file_or_an_image": [
                  "Succeeded"
                ]
              },
              "metadata": {
                "operationMetadataId": "647c1143-5e34-4795-afda-41caabcbc027"
              },
              "type": "IncrementVariable",
              "inputs": {
                "name": "noPlayers",
                "value": 1
              }
            }
          },
          "runAfter": {
            "Initialize_variable": [
              "Succeeded"
            ]
          },
          "metadata": {
            "operationMetadataId": "c134dc97-5987-4598-ba95-2d4b233aca1c"
          },
          "type": "Foreach"
        },
        "Respond_to_a_PowerApp_or_flow": {
          "runAfter": {
            "Apply_to_each": [
              "Succeeded",
              "Failed",
              "Skipped",
              "TimedOut"
            ]
          },
          "metadata": {
            "operationMetadataId": "bea1a21e-8df1-43ff-8cbe-0781a5210cd1"
          },
          "type": "Response",
          "kind": "PowerApp",
          "inputs": {
            "statusCode": 200,
            "body": {
              "status": "finished"
            },
            "schema": {
              "type": "object",
              "properties": {
                "status": {
                  "title": "status",
                  "x-ms-dynamically-added": true,
                  "type": "string"
                }
              }
            }
          }
        },
        "Add_a_new_row": {
          "runAfter": {
            "List_FPL_Players": [
              "Succeeded"
            ]
          },
          "metadata": {
            "operationMetadataId": "4695a8bb-a2ed-4700-a782-7f6af13d3d55"
          },
          "type": "OpenApiConnection",
          "inputs": {
            "host": {
              "connectionName": "shared_commondataserviceforapps",
              "operationId": "CreateRecord",
              "apiId": "/providers/Microsoft.PowerApps/apis/shared_commondataserviceforapps"
            },
            "parameters": {
              "entityName": "pf_powrsettingses",
              "item/pf_name": "PlayerImages",
              "item/pf_currentseason": 0
            },
            "authentication": {
              "type": "Raw",
              "value": "@json(decodeBase64(triggerOutputs().headers['X-MS-APIM-Tokens']))['$ConnectionKey']"
            }
          }
        },
        "Initialize_variable": {
          "runAfter": {
            "Add_a_new_row": [
              "Succeeded"
            ]
          },
          "metadata": {
            "operationMetadataId": "c8fcf3ab-cd9b-48ac-83ba-1fd2b60f2312"
          },
          "type": "InitializeVariable",
          "inputs": {
            "variables": [
              {
                "name": "noPlayers",
                "type": "integer",
                "value": 0
              }
            ]
          }
        }
      }
    },
    "templateName": ""
  },
  "schemaVersion": "1.0.0.0"
}